timestamp,project_name,run_id,experiment_id,duration,emissions,emissions_rate,cpu_power,gpu_power,ram_power,cpu_energy,gpu_energy,ram_energy,energy_consumed,water_consumed,country_name,country_iso_code,region,cloud_provider,cloud_region,os,python_version,codecarbon_version,cpu_count,cpu_model,gpu_count,gpu_model,longitude,latitude,ram_total_size,tracking_mode,cpu_utilization_percent,gpu_utilization_percent,ram_utilization_percent,ram_used_gb,on_cloud,pue,wue
2026-04-20T10:41:30,llama3_debugger,244eb629-f2c0-4705-8270-d30832080726,5b0fa12a-3dd7-45bb-9766-cc326314d9f1,17.034616666001966,8.518851457853172e-06,5.00090587588934e-07,0.0718,0.0,3.0,2.7910309985973036e-07,0.0,1.1661409791680248e-05,1.1940512891539976e-05,0.0,India,IND,tamil nadu,,,macOS-26.4.1-arm64-arm-64bit-Mach-O,3.14.2,3.2.6,8,Apple M3,1,Apple M3,77.0052,11.3214,16.0,machine,11.33846153846154,0,84.72307692307693,9.033866295447716,N,1.0,0.0
2026-04-20T10:46:05,llama3_debugger,8abc229c-08db-489c-97ca-35f6e11fc79e,5b0fa12a-3dd7-45bb-9766-cc326314d9f1,13.680542542017063,6.4308707369021065e-06,4.7007424721285475e-07,0.0488,0.0,3.0,1.4428391395841672e-07,0.0,8.869594930826375e-06,9.013878844784791e-06,0.0,India,IND,tamil nadu,,,macOS-26.4.1-arm64-arm-64bit-Mach-O,3.14.2,3.2.6,8,Apple M3,1,Apple M3,77.0052,11.3214,16.0,machine,8.8,0,83.75,9.88742218017578,N,1.0,0.0
2026-04-22T11:06:05,llama3_debugger,1f39088a-8079-40f4-8b9a-688d5cf60042,5b0fa12a-3dd7-45bb-9766-cc326314d9f1,17.795426374999806,9.036482038297902e-06,5.077980065143564e-07,0.0920999999999999,0.0,3.0,3.772783120835277e-07,0.0,1.2288775416673162e-05,1.266605372875669e-05,0.0,India,IND,tamil nadu,,,macOS-26.4.1-arm64-arm-64bit-Mach-O,3.14.2,3.2.6,8,Apple M3,1,Apple M3,77.0052,11.3214,16.0,machine,13.6,0,87.59285714285714,9.19268035888672,N,1.0,0.0
2026-04-22T11:06:43,llama3_debugger,2cfe9fc6-9a68-497b-8a9e-4d690cf1a162,5b0fa12a-3dd7-45bb-9766-cc326314d9f1,15.129214707994834,7.44115827852291e-06,4.918403514090344e-07,0.1022,0.0065,3.0,3.428116920768468e-07,2.4573530538186283e-08,1.0062570833348826e-05,1.0429956055963858e-05,0.0,India,IND,tamil nadu,,,macOS-26.4.1-arm64-arm-64bit-Mach-O,3.14.2,3.2.6,8,Apple M3,1,Apple M3,77.0052,11.3214,16.0,machine,8.833333333333334,0,87.35833333333333,9.153677622477211,N,1.0,0.0
2026-04-22T11:12:37,llama3_debugger,7ece3c4d-9bc2-4dae-9d2a-16a8036f361e,5b0fa12a-3dd7-45bb-9766-cc326314d9f1,21.98479170797509,3.978437579275096e-05,1.809631690907446e-06,0.84195,4.166899999999999,3.0,4.318041652268919e-06,3.825136910581592e-05,1.3194661944144173e-05,5.5764072702229e-05,0.0,India,IND,tamil nadu,,,macOS-26.4.1-arm64-arm-64bit-Mach-O,3.14.2,3.2.6,8,Apple M3,1,Apple M3,77.0052,11.3214,16.0,machine,13.733333333333333,0,84.38333333333334,8.785914103190104,N,1.0,0.0
2026-04-22T11:12:56,llama3_debugger,5f9b8973-7a93-4922-8670-2e8eff290f58,5b0fa12a-3dd7-45bb-9766-cc326314d9f1,12.16675954099628,5.945738620073332e-06,4.886871150891885e-07,0.2843,0.0029,3.0,7.206887726244935e-07,8.577515982631466e-09,7.604623437485619e-06,8.333889726092743e-06,0.0,India,IND,tamil nadu,,,macOS-26.4.1-arm64-arm-64bit-Mach-O,3.14.2,3.2.6,8,Apple M3,1,Apple M3,77.0052,11.3214,16.0,machine,8.522222222222222,0,86.61111111111111,9.151869032118055,N,1.0,0.0
2026-04-22T11:13:13,llama3_debugger,d4625053-69d1-4427-a513-d017e52eb368,5b0fa12a-3dd7-45bb-9766-cc326314d9f1,12.45911266701296,5.888301741783252e-06,4.726100404704789e-07,0.1296,0.0169,3.0,3.3966261449991733e-07,5.1415100422182555e-08,7.862305174179105e-06,8.253382889101203e-06,0.0,India,IND,tamil nadu,,,macOS-26.4.1-arm64-arm-64bit-Mach-O,3.14.2,3.2.6,8,Apple M3,1,Apple M3,77.0052,11.3214,16.0,machine,11.066666666666666,0,86.47777777777777,9.30249532063802,N,1.0,0.0
2026-04-22T11:18:35,llama3_debugger,8028ea94-3bb7-4404-ba9f-84a53dd55be9,5b0fa12a-3dd7-45bb-9766-cc326314d9f1,16.80519470802392,4.659317384893442e-08,2.772545909669689e-09,0.0802,0.015,3.0,3.064646844171269e-07,6.372375190840103e-08,1.1463434270845028e-05,1.1833622707170557e-05,0.0,Canada,CAN,quebec,,,macOS-26.4.1-arm64-arm-64bit-Mach-O,3.14.2,3.2.6,8,Apple M3,1,Apple M3,-71.2,46.8,16.0,machine,11.053846153846154,0,84.17692307692307,8.82504624586839,N,1.0,0.0
2026-04-22T11:18:56,llama3_debugger,83a716d4-30af-42c3-8b3a-9e67baac7de8,5b0fa12a-3dd7-45bb-9766-cc326314d9f1,15.837141416006489,7.8439094630526e-06,4.952856867922399e-07,0.0917,0.0,3.0,3.261045514510706e-07,0.0,1.0668370763329828e-05,1.09944753147809e-05,0.0,India,IND,tamil nadu,,,macOS-26.4.1-arm64-arm-64bit-Mach-O,3.14.2,3.2.6,8,Apple M3,1,Apple M3,77.0052,11.3214,16.0,machine,8.875,0,86.35833333333333,9.205612182617188,N,1.0,0.0
2026-04-22T11:19:12,llama3_debugger,a218cdac-e439-44db-9d77-f226b44dc026,5b0fa12a-3dd7-45bb-9766-cc326314d9f1,13.41273429201101,6.294699161569021e-06,4.693076761625194e-07,0.063,0.0,3.0,1.8147955292290137e-07,0.0,8.641533368354431e-06,8.823012921277333e-06,0.0,India,IND,tamil nadu,,,macOS-26.4.1-arm64-arm-64bit-Mach-O,3.14.2,3.2.6,8,Apple M3,1,Apple M3,77.0052,11.3214,16.0,machine,18.24,0,86.58,9.199208068847655,N,1.0,0.0
2026-04-22T11:20:28,llama3_debugger,618b1ac2-8174-4ce3-a602-441c78c14e99,5b0fa12a-3dd7-45bb-9766-cc326314d9f1,15.985003250010775,7.929572071548015e-06,4.960632129707368e-07,0.0764,0.0122,3.0,2.748102995162125e-07,4.9045668180564675e-08,1.0790688993341369e-05,1.1114544961038144e-05,0.0,India,IND,tamil nadu,,,macOS-26.4.1-arm64-arm-64bit-Mach-O,3.14.2,3.2.6,8,Apple M3,1,Apple M3,77.0052,11.3214,16.0,machine,15.225,0,86.90833333333335,9.178581237792969,N,1.0,0.0
2026-04-22T11:20:58,llama3_debugger,1133b909-d872-400d-80d9-a4949ade0221,5b0fa12a-3dd7-45bb-9766-cc326314d9f1,14.891767791996244,7.265571958694279e-06,4.878918379723356e-07,0.0991,0.0,3.0,3.2565717711396505e-07,0.0,9.85818697915723e-06,1.0183844156271197e-05,0.0,India,IND,tamil nadu,,,macOS-26.4.1-arm64-arm-64bit-Mach-O,3.14.2,3.2.6,8,Apple M3,1,Apple M3,77.0052,11.3214,16.0,machine,10.7,0,86.82727272727273,9.203557794744318,N,1.0,0.0
2026-04-22T11:21:23,llama3_debugger,54b8ceac-ef8e-4138-93cd-0aace6a26335,5b0fa12a-3dd7-45bb-9766-cc326314d9f1,13.078773000015644,6.1437480701808824e-06,4.6974957591002867e-07,0.0703999999999999,0.0139,3.0,1.9642981926610485e-07,4.4646184152824094e-08,8.370355173343948e-06,8.611431176762876e-06,0.0,India,IND,tamil nadu,,,macOS-26.4.1-arm64-arm-64bit-Mach-O,3.14.2,3.2.6,8,Apple M3,1,Apple M3,77.0052,11.3214,16.0,machine,8.959999999999999,0,86.25,9.206082153320311,N,1.0,0.0
2026-04-22T11:23:09,llama3_debugger,e29624f5-d1c0-40ea-862d-41633d95bfee,5b0fa12a-3dd7-45bb-9766-cc326314d9f1,43.036178167007165,5.152697847385453e-05,1.1972944780063365e-06,0.5129,3.196966666666666,3.0,5.101944303369622e-06,3.897873339553038e-05,2.8142503298343705e-05,7.222318099724368e-05,0.0,India,IND,tamil nadu,,,macOS-26.4.1-arm64-arm-64bit-Mach-O,3.14.2,3.2.6,8,Apple M3,1,Apple M3,77.0052,11.3214,16.0,machine,17.297435897435896,0,87.8974358974359,9.19581291003105,N,1.0,0.0
2026-04-22T11:24:01,llama3_debugger,b4dd5756-40e2-4c5a-afef-96ca5b070d3b,5b0fa12a-3dd7-45bb-9766-cc326314d9f1,40.604317707999144,5.682287371645509e-05,1.3994293445610795e-06,0.5289,3.885366666666666,3.0,5.457066762323508e-06,4.793504060032549e-05,2.625410545166233e-05,7.964621281431133e-05,0.0,India,IND,tamil nadu,,,macOS-26.4.1-arm64-arm-64bit-Mach-O,3.14.2,3.2.6,8,Apple M3,1,Apple M3,77.0052,11.3214,16.0,machine,11.21891891891892,0,87.1891891891892,9.089085346943625,N,1.0,0.0
2026-04-22T11:24:36,llama3_debugger,83af3b4e-1fe4-4720-91b5-b5ad020959c3,5b0fa12a-3dd7-45bb-9766-cc326314d9f1,23.312486832990544,3.428483506115085e-05,1.470663996799897e-06,1.04195,2.873,3.0,7.329696758869607e-06,2.6384019129700818e-05,1.4341883749172364e-05,4.805559963774279e-05,0.0,India,IND,tamil nadu,,,macOS-26.4.1-arm64-arm-64bit-Mach-O,3.14.2,3.2.6,8,Apple M3,1,Apple M3,77.0052,11.3214,16.0,machine,17.035,0,87.72999999999999,9.182374572753906,N,1.0,0.0
2026-04-22T11:25:20,llama3_debugger,678ae665-0579-47b6-9a38-7bbc63048608,5b0fa12a-3dd7-45bb-9766-cc326314d9f1,3.0478147080284543,1.5361773815487633e-08,5.040258443212492e-09,0.3057,0.0490999999999999,3.0,9.561260191306547e-11,2.0767896899422336e-08,6.684375208957742e-10,2.1531947022231177e-08,0.0,India,IND,tamil nadu,,,macOS-26.4.1-arm64-arm-64bit-Mach-O,3.14.2,3.2.6,8,Apple M3,1,Apple M3,77.0052,11.3214,16.0,machine,0.0,0,0.0,0.0,N,1.0,0.0
2026-04-22T11:26:45,llama3_debugger,5f8226c4-6528-4317-a2c0-0441ff76fba3,5b0fa12a-3dd7-45bb-9766-cc326314d9f1,22.90854458301328,3.133881055856204e-05,1.3679965763429515e-06,0.5714499999999999,2.77895,3.0,4.4004587206585645e-06,2.5512731094925087e-05,1.4013092187500051e-05,4.3926282003083705e-05,0.0,India,IND,tamil nadu,,,macOS-26.4.1-arm64-arm-64bit-Mach-O,3.14.2,3.2.6,8,Apple M3,1,Apple M3,77.0052,11.3214,16.0,machine,18.00526315789474,0,87.34736842105262,9.15553845857319,N,1.0,0.0
2026-04-22T11:27:58,llama3_debugger,9d4129e2-0d3f-4002-a4b7-b03f865bf284,5b0fa12a-3dd7-45bb-9766-cc326314d9f1,15.808830124995438,8.216121012250361e-06,5.197172053395528e-07,0.18,0.0591999999999999,3.0,6.385641728993504e-07,2.351657120556467e-07,1.0642458576670227e-05,1.1516188461625223e-05,0.0,India,IND,tamil nadu,,,macOS-26.4.1-arm64-arm-64bit-Mach-O,3.14.2,3.2.6,8,Apple M3,1,Apple M3,77.0052,11.3214,16.0,machine,16.8,0,87.39166666666667,9.117355346679688,N,1.0,0.0
2026-04-22T11:28:24,llama3_debugger,5504421b-6909-4c09-8001-d450f73c8239,5b0fa12a-3dd7-45bb-9766-cc326314d9f1,17.448516416014172,8.739617292306657e-06,5.008802515889244e-07,0.0618,0.0,3.0,2.472608279374302e-07,0.0,1.2002690173346006e-05,1.2249951001283437e-05,0.0,India,IND,tamil nadu,,,macOS-26.4.1-arm64-arm-64bit-Mach-O,3.14.2,3.2.6,8,Apple M3,1,Apple M3,77.0052,11.3214,16.0,machine,8.035714285714286,0,86.82142857142857,9.088924952915736,N,1.0,0.0
2026-04-22T11:28:40,llama3_debugger,a3c6cc5c-5459-4109-85b6-e3596fed847d,5b0fa12a-3dd7-45bb-9766-cc326314d9f1,11.050437291996786,4.866473348426669e-06,4.403874000489722e-07,0.0645,0.0,3.0,1.435719945313031e-07,0.0,6.677557360841698e-06,6.821129355373001e-06,0.0,India,IND,tamil nadu,,,macOS-26.4.1-arm64-arm-64bit-Mach-O,3.14.2,3.2.6,8,Apple M3,1,Apple M3,77.0052,11.3214,16.0,machine,9.1,0,87.07142857142857,9.17838396344866,N,1.0,0.0
2026-04-22T11:29:51,llama3_debugger,f2057b12-cff6-49be-a20a-19f8fc3196b8,5b0fa12a-3dd7-45bb-9766-cc326314d9f1,9.094014750007773,3.989805778470048e-06,4.387287560168778e-07,0.2337,0.0756,3.0,3.926614632833226e-07,1.5928891473583644e-07,5.040391215006821e-06,5.59234159302598e-06,0.0,India,IND,tamil nadu,,,macOS-26.4.1-arm64-arm-64bit-Mach-O,3.14.2,3.2.6,8,Apple M3,1,Apple M3,77.0052,11.3214,16.0,machine,17.45,0,87.3,9.079930623372396,N,1.0,0.0
2026-04-22T11:30:22,llama3_debugger,a662b14d-914d-4653-b3b1-f3c89fea11d0,5b0fa12a-3dd7-45bb-9766-cc326314d9f1,14.325340082985347,7.195943673744264e-06,5.023227115069407e-07,0.2213999999999999,0.0,3.0,6.932193156468565e-07,0.0,9.393029825829824e-06,1.008624914147668e-05,0.0,India,IND,tamil nadu,,,macOS-26.4.1-arm64-arm-64bit-Mach-O,3.14.2,3.2.6,8,Apple M3,1,Apple M3,77.0052,11.3214,16.0,machine,15.090909090909092,0,87.58181818181818,9.160755504261363,N,1.0,0.0
2026-04-22T11:30:45,llama3_debugger,7ffa7a2f-d6f4-41d4-9dde-7be9a64e2545,5b0fa12a-3dd7-45bb-9766-cc326314d9f1,14.822556208004244,7.367994442060379e-06,4.970798787109089e-07,0.1467999999999999,0.0,3.0,4.817890893523645e-07,0.0,9.845616319168282e-06,1.0327405408520649e-05,0.0,India,IND,tamil nadu,,,macOS-26.4.1-arm64-arm-64bit-Mach-O,3.14.2,3.2.6,8,Apple M3,1,Apple M3,77.0052,11.3214,16.0,machine,10.136363636363637,0,87.2090909090909,9.126592462713068,N,1.0,0.0
2026-04-22T11:32:43,llama3_debugger,715f4755-62a8-45fe-8f82-87369afb8ca0,5b0fa12a-3dd7-45bb-9766-cc326314d9f1,3.043066291982541,6.312003576713263e-09,2.0742248019188003e-09,0.2987000000000001,0.0084,3.0,4.977884439374774e-10,3.566146014646316e-09,4.783333327698832e-09,8.847267786282626e-09,0.0,India,IND,tamil nadu,,,macOS-26.4.1-arm64-arm-64bit-Mach-O,3.14.2,3.2.6,8,Apple M3,1,Apple M3,77.0052,11.3214,16.0,machine,0.0,0,0.0,0.0,N,1.0,0.0
2026-04-22T11:34:58,llama3_debugger,c3afdcd2-4137-41e8-8c96-0efb6f05b0ad,5b0fa12a-3dd7-45bb-9766-cc326314d9f1,42.74485758302035,7.021795700142772e-05,1.6427229138627564e-06,0.2233333333333333,5.4815000000000005,3.0,2.230796518745585e-06,6.826282922744245e-05,2.7927907360863174e-05,9.842153310705122e-05,0.0,India,IND,tamil nadu,,,macOS-26.4.1-arm64-arm-64bit-Mach-O,3.14.2,3.2.6,8,Apple M3,1,Apple M3,77.0052,11.3214,16.0,machine,15.625641025641023,0,87.04358974358975,8.91105221479367,N,1.0,0.0
2026-04-22T11:35:42,llama3_debugger,949a201b-b480-41d7-a3ae-d1eadd4b65cc,5b0fa12a-3dd7-45bb-9766-cc326314d9f1,27.49953929198091,5.0240942272943e-05,1.8269739627090289e-06,1.90995,4.0122,3.0,1.5769585396696237e-05,3.6799027143640984e-05,1.7851986041666045e-05,7.042059858200328e-05,0.0,India,IND,tamil nadu,,,macOS-26.4.1-arm64-arm-64bit-Mach-O,3.14.2,3.2.6,8,Apple M3,1,Apple M3,77.0052,11.3214,16.0,machine,9.004166666666666,0,87.25,8.997020721435547,N,1.0,0.0
2026-04-22T11:36:14,llama3_debugger,5bbdaae8-032e-417a-a2c5-15f7c107e12e,5b0fa12a-3dd7-45bb-9766-cc326314d9f1,19.479403709003236,2.3323485716477428e-05,1.1973408459981495e-06,0.7754000000000001,0.0,3.0,6.494940776130683e-06,0.0,2.6196600243347347e-05,3.269154101947803e-05,0.0,India,IND,tamil nadu,,,macOS-26.4.1-arm64-arm-64bit-Mach-O,3.14.2,3.2.6,8,Apple M3,1,Apple M3,77.0052,11.3214,16.0,machine,10.2625,0,87.7375,8.98836612701416,N,1.0,0.0
2026-04-22T16:35:58,llama3_debugger,717a6fea-3dd5-48bf-9ed4-c774e26bcb2b,5b0fa12a-3dd7-45bb-9766-cc326314d9f1,28.598442499991506,4.026854629686076e-05,1.4080678098771538e-06,0.3234,3.9296999999999995,3.0,1.8264631638470085e-06,3.6022051603633464e-05,1.85941992016645e-05,5.6442713969144974e-05,0.0,India,IND,odisha,,,macOS-26.4.1-arm64-arm-64bit-Mach-O,3.14.2,3.2.6,8,Apple M3,1,Apple M3,85.8334,20.2706,16.0,machine,9.012,0,86.54,8.663338623046876,N,1.0,0.0
2026-09-30T13:14:01,llama3_debugger,706b43de-cb5a-43c1-98b1-2970290e6e2e,5b0fa12a-3dd7-45bb-9766-cc326314d9f1,33.40499609999824,0.0002839844347933399,8.501256337322393e-06,13.995394872097329,0.0,10.0,0.000317513658611,0.0,8.05352827777622e-05,0.0003980489413887622,0.0,India,IND,telangana,,,Windows-11-10.0.26200-SP0,3.14.2,3.3.1,18,Intel(R) Core(TM) Ultra 5 125H,0,,79.5098,17.9637,15.430248260498047,machine,3.5714285714285716,0,96.24642857142858,14.848995344979423,N,1.0,0.0
2026-09-30T13:17:11,llama3_debugger,8146d1c9-8674-4a34-86c6-48cee7ef9679,5b0fa12a-3dd7-45bb-9766-cc326314d9f1,33.04651020000165,1.8615792461860792e-06,5.633209784995652e-08,20.622366156678048,0.0,10.0,0.000381165379444,0.0,9.163405916665904e-05,0.00047279943861065906,0.0,Canada,CAN,quebec,,,Windows-11-10.0.26200-SP0,3.14.2,3.3.1,18,Intel(R) Core(TM) Ultra 5 125H,0,,-71.2,46.8,15.430248260498047,machine,3.0,0,91.56333333333333,14.130092493693034,N,1.0,0.0
2026-09-30T13:22:10,llama3_debugger,a6ea2d83-9fb8-43ab-9d5e-894197bc633f,5b0fa12a-3dd7-45bb-9766-cc326314d9f1,21.88831449999998,0.00018446220227126436,8.42742835549373e-06,15.116048565052578,0.0,10.0,0.00020903244472200003,0.0,4.952040305555177e-05,0.00025855284777755183,0.0,India,IND,telangana,,,Windows-11-10.0.26200-SP0,3.14.2,3.3.1,18,Intel(R) Core(TM) Ultra 5 125H,0,,79.5098,17.9637,15.430248260498047,machine,5.882352941176471,0,90.65294117647058,13.987567004035501,N,1.0,0.0
2026-09-30T13:23:20,llama3_debugger,b54a1687-1d91-41bf-9d0a-2ef69821d4e3,5b0fa12a-3dd7-45bb-9766-cc326314d9f1,48.36209930000041,0.0004332970192985519,8.959433638534137e-06,20.53218713855317,0.0,10.0,0.00048448941611100004,0.0,0.0001228446441666569,0.000607334060277657,0.0,India,IND,telangana,,,Windows-11-10.0.26200-SP0,3.14.2,3.3.1,18,Intel(R) Core(TM) Ultra 5 125H,0,,79.5098,17.9637,15.430248260498047,machine,2.2583333333333333,0,90.71111111111111,13.99785984887017,N,1.0,0.0
2026-09-30T13:34:15,llama3_debugger,aec62ea6-aa50-41a2-b4f2-c5a0475a7377,5b0fa12a-3dd7-45bb-9766-cc326314d9f1,45.00497049999831,0.00040177151316266084,8.927269781516154e-06,20.801832985020543,0.0,10.0,0.00044990112833300004,0.0,0.00011324496666667175,0.0005631460949996718,0.0,India,IND,telangana,,,Windows-11-10.0.26200-SP0,3.14.2,3.3.1,18,Intel(R) Core(TM) Ultra 5 125H,0,,79.5098,17.9637,15.430248260498047,machine,2.7777777777777777,0,92.26666666666667,14.236427307128906,N,1.0,0.0
2026-10-02T21:41:54,llama3_debugger,19c9ec75-0e6f-45a5-a352-40b3b5aa4954,5b0fa12a-3dd7-45bb-9766-cc326314d9f1,77.5634355000002,0.00046393281417040554,5.9813340033191845e-06,15.0693642185643,0.0,10.0,0.00044069124666700003,0.0,0.00020958370833335118,0.0006502749550003512,0.0,India,IND,telangana,,,Windows-11-10.0.26200-SP0,3.14.2,3.3.1,18,Intel(R) Core(TM) Ultra 5 125H,0,,79.5098,17.9637,15.430248260498047,machine,22.29189189189189,0,89.27162162162162,13.77432632446289,N,1.0,0.0
2026-10-02T21:43:24,llama3_debugger,9b348a8a-000c-4b97-900a-a78176e3710d,5b0fa12a-3dd7-45bb-9766-cc326314d9f1,37.74577080000017,0.000221481547549596,5.86771823320654e-06,10.865127243451743,0.0,10.0,0.000210280657222,0.0,0.00010016063722224419,0.00031044129444424416,0.0,India,IND,telangana,,,Windows-11-10.0.26200-SP0,3.14.2,3.3.1,18,Intel(R) Core(TM) Ultra 5 125H,0,,79.5098,17.9637,15.430248260498047,machine,16.74857142857143,0,87.25999999999999,13.465411703927176,N,1.0,0.0
2026-10-02T22:25:56,llama3_debugger,e389b88a-43d2-4e76-a4ff-fcc16c77c5af,5b0fa12a-3dd7-45bb-9766-cc326314d9f1,1.8231816999978037,3.2251496778366344e-09,1.7689677764100636e-09,0.0,0.0,10.0,0.0,0.0,4.520555557974149e-09,4.520555557974149e-09,0.0,India,IND,telangana,,,Windows-11-10.0.26200-SP0,3.14.2,3.3.1,18,Intel(R) Core(TM) Ultra 5 125H,0,,79.5098,17.9637,15.430248260498047,machine,0,0,0,0,N,1.0,0.0
2026-10-02T22:26:53,llama3_debugger,2550990f-8a34-4fd4-abb8-638284ee7b09,5b0fa12a-3dd7-45bb-9766-cc326314d9f1,1.7328460999997333,1.9605754939523143e-09,1.1314192841202781e-09,0.0,0.0,10.0,0.0,0.0,2.7480555420172298e-09,2.7480555420172298e-09,0.0,India,IND,telangana,,,Windows-11-10.0.26200-SP0,3.14.2,3.3.1,18,Intel(R) Core(TM) Ultra 5 125H,0,,79.5098,17.9637,15.430248260498047,machine,0,0,0,0,N,1.0,0.0
2026-10-02T22:35:01,llama3_debugger,515bc205-d048-4473-9758-0c34cf6fb82f,5b0fa12a-3dd7-45bb-9766-cc326314d9f1,36.63996510000288,0.0002784739148059138,7.600277839945101e-06,15.514858311244918,0.0,10.0,0.000292618897778,0.0,9.770618138890214e-05,0.0003903250791669021,0.0,India,IND,telangana,,,Windows-11-10.0.26200-SP0,3.14.2,3.3.1,18,Intel(R) Core(TM) Ultra 5 125H,0,,79.5098,17.9637,15.430248260498047,machine,22.985294117647058,0,92.99411764705883,14.34882926940918,N,1.0,0.0
2026-10-05T11:40:42,llama3_debugger,2f0e1063-7771-4d06-8f45-e0aead00557b,5b0fa12a-3dd7-45bb-9766-cc326314d9f1,77.30941780000103,0.0004410299024523356,5.704737081234748e-06,14.29668101594108,0.0,10.0,0.00041886809000000005,0.0,0.0001993048247222204,0.0006181729147222203,0.0,India,IND,telangana,,,Windows-11-10.0.26200-SP0,3.14.2,3.3.1,18,Intel(R) Core(TM) Ultra 5 125H,0,,79.5098,17.9637,15.430248260498047,machine,8.132394366197182,0,95.8169014084507,14.784239970462423,N,1.0,0.0
2026-10-05T11:49:32,llama3_debugger,c112f393-cbf4-4264-8d4c-31524cc43ba5,5b0fa12a-3dd7-45bb-9766-cc326314d9f1,43.76188329999968,1.5432543097224565e-06,3.526480565616946e-08,26.993858980628513,0.0,10.0,0.000270512175833,0.0,0.00012143985777778047,0.00039195203361078054,0.0,Canada,CAN,quebec,,,Windows-11-10.0.26200-SP0,3.14.2,3.3.1,18,Intel(R) Core(TM) Ultra 5 125H,0,,-71.2,46.8,15.430248260498047,machine,6.867441860465116,0,91.15581395348836,14.064808601556821,N,1.0,0.0
2026-10-06T18:13:29,llama3_debugger,ffb6ae99-ec3f-465c-974a-db1702bd839e,5b0fa12a-3dd7-45bb-9766-cc326314d9f1,78.3315963999994,0.00047011823408445104,6.001642449412083e-06,23.011719628251836,0.0,10.0,0.00044812519805600005,0.0,0.00021081959777778444,0.0006589447958337845,0.0,India,IND,telangana,,,Windows-11-10.0.26200-SP0,3.14.2,3.3.1,18,Intel(R) Core(TM) Ultra 5 125H,0,,79.5098,17.9637,15.430248260498047,machine,12.262162162162161,0,92.01351351351352,14.19798232413627,N,1.0,0.0
2026-10-06T18:14:53,llama3_debugger,01fa569b-e70d-4e37-9e34-00ec98eb9b21,5b0fa12a-3dd7-45bb-9766-cc326314d9f1,52.30996210000012,0.0003301213170483633,6.310868977830182e-06,14.231640104560194,0.0,10.0,0.000322526401388,0.0,0.00014019065166665114,0.0004627170530546511,0.0,India,IND,telangana,,,Windows-11-10.0.26200-SP0,3.14.2,3.3.1,18,Intel(R) Core(TM) Ultra 5 125H,0,,79.5098,17.9637,15.430248260498047,machine,15.868,0,90.258,13.926379241943359,N,1.0,0.0
2026-10-06T21:31:33,llama3_debugger,c6f528d2-4d7a-4a80-a50d-a3958eaae649,5b0fa12a-3dd7-45bb-9766-cc326314d9f1,237.5861905999991,0.0014519470289533298,6.111243356722835e-06,23.656188945428056,0.0,10.0,0.0013752493377780003,0.0,0.0006598832505556251,0.002035132588333625,0.0,India,IND,telangana,,,Windows-11-10.0.26200-SP0,3.14.2,3.3.1,18,Intel(R) Core(TM) Ultra 5 125H,0,,79.5098,17.9637,15.430248260498047,machine,28.110434782608696,0,86.61782608695651,13.364846353945525,N,1.0,0.0
